Beijing, China
Beijing, China
Beijing, China
Beijing, China
Beijing, China
Beijing, China
Beijing, China
Beijing, China
Beijing, China
Beijing, China
Beijing, China
Beijing, China
Beijing, China
Beijing, China
Beijing, China
Beijing, China
Beijing, China
Beijing, China
Beijing, China
Beijing, China
Beijing, China
Beijing, China
Beijing, China
Beijing, China
Beijing, China
Beijing, China
Beijing, China
Beijing, China
Beijing, China
Beijing, China
Beijing, China
Beijing, China
Beijing, China
Beijing, China
Beijing, China
Beijing, China
Beijing, China
Beijing, China
Beijing, China
Beijing, China
Beijing, China
Beijing, China
Beijing, China
Beijing, China
Beijing, China
Toronto, Canada
Toronto, Canada
Toronto, Canada
Toronto, Canada
Toronto, Canada
Toronto, Canada
Toronto, Canada
Toronto, Canada
Toronto, Canada
Toronto, Canada
Toronto, Canada
Toronto, Canada
Toronto, Canada
Toronto, Canada
Toronto, Canada
Toronto, Canada
Toronto, Canada
Toronto, Canada
Toronto, Canada
Toronto, Canada
Toronto, Canada
Toronto, Canada
Toronto, Canada
Toronto, Canada
Toronto, Canada
Toronto, Canada
Toronto, Canada
Toronto, Canada
Toronto, Canada
Toronto, Canada
Toronto, Canada
Toronto, Canada
Toronto, Canada
Toronto, Canada
Toronto, Canada
Toronto, Canada
Toronto, Canada
Toronto, Canada
Toronto, Canada
Toronto, Canada
Toronto, Canada
Toronto, Canada
Toronto, Canada
London, UK
London, UK
London, UK
London, UK
London, UK
London, UK
London, UK
London, UK
London, UK
London, UK
London, UK
London, UK
London, UK
London, UK
London, UK
London, UK
London, UK
London, UK
London, UK
London, UK
London, UK
London, UK
London, UK
London, UK
London, UK
London, UK
London, UK
London, UK
London, UK
London, UK
London, UK
London, UK
London, UK
London, UK
London, UK
London, UK
London, UK
London, UK
London, UK
London, UK
London, UK
London, UK
London, UK
London, UK
London, UK
London, UK
London, UK
London, UK
Tokyo, Japan
Tokyo, Japan
Tokyo, Japan
Tokyo, Japan
Tokyo, Japan
Tokyo, Japan
Tokyo, Japan
Tokyo, Japan
Tokyo, Japan
Tokyo, Japan
Tokyo, Japan
Tokyo, Japan
Tokyo, Japan
Tokyo, Japan
Tokyo, Japan
Tokyo, Japan
Tokyo, Japan
Tokyo, Japan
Tokyo, Japan
Tokyo, Japan
Tokyo, Japan
Tokyo, Japan
Tokyo, Japan
Tokyo, Japan
Tokyo, Japan
Tokyo, Japan
Tokyo, Japan
Tokyo, Japan
Tokyo, Japan
Tokyo, Japan
Tokyo, Japan
Tokyo, Japan
Tokyo, Japan
Tokyo, Japan
Tokyo, Japan
Tokyo, Japan
Tokyo, Japan
Tokyo, Japan
Tokyo, Japan
Tokyo, Japan
Tokyo, Japan
Tokyo, Japan
Tokyo, Japan
Tokyo, Japan
Tokyo, Japan
Tokyo, Japan
New York, USA
New York, USA
New York, USA
New York, USA
New York, USA
New York, USA
New York, USA
New York, USA
New York, USA
New York, USA
New York, USA
New York, USA
New York, USA
New York, USA
New York, USA
New York, USA
New York, USA
New York, USA
New York, USA
New York, USA
New York, USA
New York, USA
New York, USA
New York, USA
New York, USA
New York, USA
New York, USA
New York, USA
New York, USA
New York, USA
New York, USA
New York, USA
New York, USA
New York, USA
New York, USA
New York, USA
New York, USA
New York, USA
New York, USA
New York, USA
New York, USA
New York, USA
New York, USA
New York, USA
Dubai, UAE
Dubai, UAE
Dubai, UAE
Dubai, UAE
Dubai, UAE
Dubai, UAE
Dubai, UAE
Dubai, UAE
Dubai, UAE
Dubai, UAE
Dubai, UAE
Dubai, UAE
Dubai, UAE
Dubai, UAE
Dubai, UAE
Dubai, UAE
Dubai, UAE
Dubai, UAE
Dubai, UAE
Dubai, UAE
Dubai, UAE
Dubai, UAE
Dubai, UAE
Dubai, UAE
Dubai, UAE
Dubai, UAE
Dubai, UAE
Dubai, UAE
Dubai, UAE
Dubai, UAE
